{
  "entity.wither.death.void": {
    "sounds": [
      "mowithers:wither/pitchblack/death"
    ],
    "subtitle": "subtitles.wither.void.death"
  },
  "entity.wither.hurt.void": {
    "sounds": [
      "mowithers:wither/pitchblack/hurt1",
      "mowithers:wither/pitchblack/hurt2",
      "mowithers:wither/pitchblack/hurt3",
      "mowithers:wither/pitchblack/hurt4"
    ],
    "subtitle": "subtitles.wither.void.hurt"
  },
  "entity.wither.ambient.void": {
    "sounds": [
      "mowithers:wither/pitchblack/idle1",
      "mowithers:wither/pitchblack/idle2",
      "mowithers:wither/pitchblack/idle3",
      "mowithers:wither/pitchblack/idle4"
    ],
    "subtitle": "subtitles.wither.void.ambient"
  },
  "entity.wither.death.avatar": {
    "sounds": [
      "mowithers:wither/avatar/death"
    ],
    "subtitle": "subtitles.wither.avatar.death"
  },
  "entity.wither.hurt.avatar": {
    "sounds": [
      "mowithers:wither/avatar/hurt1",
      "mowithers:wither/avatar/hurt2",
      "mowithers:wither/avatar/hurt3",
      "mowithers:wither/avatar/hurt4"
    ],
    "subtitle": "subtitles.wither.avatar.hurt"
  },
  "entity.wither.ambient.avatar": {
    "sounds": [
      "mowithers:wither/pitchblack/idle1",
      "mowithers:wither/pitchblack/idle2",
      "mowithers:wither/pitchblack/idle3",
      "mowithers:wither/pitchblack/idle4"
    ],
    "subtitle": "subtitles.wither.avatar.ambient"
  },
  "entity.wither.death.dragon": {
    "sounds": [
      "mowithers:wither/dragon/death"
    ],
    "subtitle": "subtitles.wither.dragon.death"
  },
  "entity.wither.hurt.dragon": {
    "sounds": [
      "mowithers:wither/dragon/hurt1",
      "mowithers:wither/dragon/hurt2",
      "mowithers:wither/dragon/hurt3",
      "mowithers:wither/dragon/hurt4"
    ],
    "subtitle": "subtitles.wither.dragon.hurt"
  },
  "entity.wither.ambient.dragon": {
    "sounds": [
      "mowithers:wither/dragon/idle1",
      "mowithers:wither/dragon/idle2",
      "mowithers:wither/dragon/idle3"
    ],
    "subtitle": "subtitles.wither.dragon.ambient"
  },
  "entity.wither.death.hare": {
    "sounds": [
      "mowithers:wither/hare/death"
    ],
    "subtitle": "subtitles.wither.hare.death"
  },
  "entity.wither.hurt.hare": {
    "sounds": [
      "mowithers:wither/hare/hurt1",
      "mowithers:wither/hare/hurt2",
      "mowithers:wither/hare/hurt3",
      "mowithers:wither/hare/hurt4"
    ],
    "subtitle": "subtitles.wither.hare.hurt"
  },
  "entity.wither.ambient.hare": {
    "sounds": [
      "mowithers:wither/hare/idle1",
      "mowithers:wither/hare/idle2",
      "mowithers:wither/hare/idle3"
    ],
    "subtitle": "subtitles.wither.hare.ambient"
  },
  "entity.wither.death.ice": {
    "sounds": [
      "mowithers:wither/wet/death"
    ],
    "subtitle": "subtitles.wither.ice.death"
  },
  "entity.wither.hurt.ice": {
    "sounds": [
      "mowithers:wither/wet/hurt1",
      "mowithers:wither/wet/hurt2",
      "mowithers:wither/wet/hurt3",
      "mowithers:wither/wet/hurt4"
    ],
    "subtitle": "subtitles.wither.ice.hurt"
  },
  "entity.wither.ambient.ice": {
    "sounds": [
      "mowithers:wither/wet/idle1",
      "mowithers:wither/wet/idle2",
      "mowithers:wither/wet/idle3",
      "mowithers:wither/wet/idle4"
    ],
    "subtitle": "subtitles.wither.ice.ambient"
  },
  "entity.wither.death.lightning": {
    "sounds": [
      "mowithers:wither/electrical/death"
    ],
    "subtitle": "subtitles.wither.lightning.death"
  },
  "entity.wither.hurt.lightning": {
    "sounds": [
      "mowithers:wither/electrical/hurt1",
      "mowithers:wither/electrical/hurt2",
      "mowithers:wither/electrical/hurt3",
      "mowithers:wither/electrical/hurt4"
    ],
    "subtitle": "subtitles.wither.lightning.hurt"
  },
  "entity.wither.ambient.lightning": {
    "sounds": [
      "mowithers:wither/electrical/idle1",
      "mowithers:wither/electrical/idle2",
      "mowithers:wither/electrical/idle3",
      "mowithers:wither/electrical/idle4"
    ],
    "subtitle": "subtitles.wither.lightning.ambient"
  },
  "entity.wither.death.sand": {
    "sounds": [
      "mowithers:wither/block/death"
    ],
    "subtitle": "subtitles.wither.sand.death"
  },
  "entity.wither.hurt.sand": {
    "sounds": [
      "mowithers:wither/block/hurt1",
      "mowithers:wither/block/hurt2",
      "mowithers:wither/block/hurt3",
      "mowithers:wither/block/hurt4"
    ],
    "subtitle": "subtitles.wither.sand.hurt"
  },
  "entity.wither.ambient.sand": {
    "sounds": [
      "mowithers:wither/block/idle1",
      "mowithers:wither/block/idle2",
      "mowithers:wither/block/idle3",
      "mowithers:wither/block/idle4"
    ],
    "subtitle": "subtitles.wither.sand.ambient"
  },
  "entity.wither.death.gravel": {
    "sounds": [
      "mowithers:wither/block/death"
    ],
    "subtitle": "subtitles.wither.gravel.death"
  },
  "entity.wither.hurt.gravel": {
    "sounds": [
      "mowithers:wither/block/hurt1",
      "mowithers:wither/block/hurt2",
      "mowithers:wither/block/hurt3",
      "mowithers:wither/block/hurt4"
    ],
    "subtitle": "subtitles.wither.gravel.hurt"
  },
  "entity.wither.ambient.gravel": {
    "sounds": [
      "mowithers:wither/block/idle1",
      "mowithers:wither/block/idle2",
      "mowithers:wither/block/idle3",
      "mowithers:wither/block/idle4"
    ],
    "subtitle": "subtitles.wither.gravel.ambient"
  },
  "entity.wither.death.concrete": {
    "sounds": [
      "mowithers:wither/block/death"
    ],
    "subtitle": "subtitles.wither.concrete.death"
  },
  "entity.wither.hurt.concrete": {
    "sounds": [
      "mowithers:wither/block/hurt1",
      "mowithers:wither/block/hurt2",
      "mowithers:wither/block/hurt3",
      "mowithers:wither/block/hurt4"
    ],
    "subtitle": "subtitles.wither.concrete.hurt"
  },
  "entity.wither.ambient.concrete": {
    "sounds": [
      "mowithers:wither/block/idle1",
      "mowithers:wither/block/idle2",
      "mowithers:wither/block/idle3",
      "mowithers:wither/block/idle4"
    ],
    "subtitle": "subtitles.wither.concrete.ambient"
  },
  "entity.wither.death.dust": {
    "sounds": [
      "mowithers:wither/air/death"
    ],
    "subtitle": "subtitles.wither.dust.death"
  },
  "entity.wither.hurt.dust": {
    "sounds": [
      "mowithers:wither/air/hurt1",
      "mowithers:wither/air/hurt2",
      "mowithers:wither/air/hurt3",
      "mowithers:wither/air/hurt4"
    ],
    "subtitle": "subtitles.wither.dust.hurt"
  },
  "entity.wither.ambient.dust": {
    "sounds": [
      "mowithers:wither/air/idle1",
      "mowithers:wither/air/idle2",
      "mowithers:wither/air/idle3",
      "mowithers:wither/air/idle4"
    ],
    "subtitle": "subtitles.wither.dust.ambient"
  },
  "entity.wither.death.air": {
    "sounds": [
      "mowithers:wither/air/death"
    ],
    "subtitle": "subtitles.wither.air.death"
  },
  "entity.wither.hurt.air": {
    "sounds": [
      "mowithers:wither/air/hurt1",
      "mowithers:wither/air/hurt2",
      "mowithers:wither/air/hurt3",
      "mowithers:wither/air/hurt4"
    ],
    "subtitle": "subtitles.wither.air.hurt"
  },
  "entity.wither.ambient.air": {
    "sounds": [
      "mowithers:wither/air/idle1",
      "mowithers:wither/air/idle2",
      "mowithers:wither/air/idle3",
      "mowithers:wither/air/idle4"
    ],
    "subtitle": "subtitles.wither.air.ambient"
  },
  "entity.wither.death.command": {
    "sounds": [
      "mowithers:wither/galactic/death"
    ],
    "subtitle": "subtitles.wither.command.death"
  },
  "entity.wither.hurt.command": {
    "sounds": [
      "mowithers:wither/galactic/hurt1",
      "mowithers:wither/galactic/hurt2",
      "mowithers:wither/galactic/hurt3",
      "mowithers:wither/galactic/hurt4"
    ],
    "subtitle": "subtitles.wither.command.hurt"
  },
  "entity.wither.ambient.command": {
    "sounds": [
      "mowithers:wither/galactic/idle1",
      "mowithers:wither/galactic/idle2",
      "mowithers:wither/galactic/idle3",
      "mowithers:wither/galactic/idle4"
    ],
    "subtitle": "subtitles.wither.command.ambient"
  },
  "entity.wither.death.bedrock": {
    "sounds": [
      "mowithers:wither/pitchblack/death"
    ],
    "subtitle": "subtitles.wither.bedrock.death"
  },
  "entity.wither.hurt.bedrock": {
    "sounds": [
      "mowithers:wither/pitchblack/hurt1",
      "mowithers:wither/pitchblack/hurt2",
      "mowithers:wither/pitchblack/hurt3",
      "mowithers:wither/pitchblack/hurt4"
    ],
    "subtitle": "subtitles.wither.bedrock.hurt"
  },
  "entity.wither.ambient.bedrock": {
    "sounds": [
      "mowithers:wither/pitchblack/idle1",
      "mowithers:wither/pitchblack/idle2",
      "mowithers:wither/pitchblack/idle3",
      "mowithers:wither/pitchblack/idle4"
    ],
    "subtitle": "subtitles.wither.bedrock.ambient"
  },
  "entity.wither.death.obsidian": {
    "sounds": [
      "mowithers:wither/dirt/death"
    ],
    "subtitle": "subtitles.wither.obsidian.death"
  },
  "entity.wither.hurt.obsidian": {
    "sounds": [
      "mowithers:wither/pitchblack/hurt1",
      "mowithers:wither/pitchblack/hurt2",
      "mowithers:wither/pitchblack/hurt3",
      "mowithers:wither/pitchblack/hurt4"
    ],
    "subtitle": "subtitles.wither.obsidian.hurt"
  },
  "entity.wither.ambient.obsidian": {
    "sounds": [
      "mowithers:wither/pitchblack/idle1",
      "mowithers:wither/pitchblack/idle2",
      "mowithers:wither/pitchblack/idle3",
      "mowithers:wither/pitchblack/idle4"
    ],
    "subtitle": "subtitles.wither.obsidian.ambient"
  },
  "entity.wither.death.emerald": {
    "sounds": [
      "mowithers:wither/dirt/death"
    ],
    "subtitle": "subtitles.wither.emerald.death"
  },
  "entity.wither.hurt.emerald": {
    "sounds": [
      "mowithers:wither/dirt/hurt1",
      "mowithers:wither/dirt/hurt2",
      "mowithers:wither/dirt/hurt3",
      "mowithers:wither/dirt/hurt4"
    ],
    "subtitle": "subtitles.wither.emerald.hurt"
  },
  "entity.wither.ambient.emerald": {
    "sounds": [
      "mowithers:wither/dirt/idle1",
      "mowithers:wither/dirt/idle2",
      "mowithers:wither/dirt/idle3",
      "mowithers:wither/dirt/idle4"
    ],
    "subtitle": "subtitles.wither.emerald.ambient"
  },
  "entity.wither.death.diamond": {
    "sounds": [
      "mowithers:wither/dirt/death"
    ],
    "subtitle": "subtitles.wither.diamond.death"
  },
  "entity.wither.hurt.diamond": {
    "sounds": [
      "mowithers:wither/dirt/hurt1",
      "mowithers:wither/dirt/hurt2",
      "mowithers:wither/dirt/hurt3",
      "mowithers:wither/dirt/hurt4"
    ],
    "subtitle": "subtitles.wither.diamond.hurt"
  },
  "entity.wither.ambient.diamond": {
    "sounds": [
      "mowithers:wither/dirt/idle1",
      "mowithers:wither/dirt/idle2",
      "mowithers:wither/dirt/idle3",
      "mowithers:wither/dirt/idle4"
    ],
    "subtitle": "subtitles.wither.diamond.ambient"
  },
  "entity.wither.death.gold": {
    "sounds": [
      "mowithers:wither/dirt/death"
    ],
    "subtitle": "subtitles.wither.gold.death"
  },
  "entity.wither.hurt.gold": {
    "sounds": [
      "mowithers:wither/dirt/hurt1",
      "mowithers:wither/dirt/hurt2",
      "mowithers:wither/dirt/hurt3",
      "mowithers:wither/dirt/hurt4"
    ],
    "subtitle": "subtitles.wither.gold.hurt"
  },
  "entity.wither.ambient.gold": {
    "sounds": [
      "mowithers:wither/dirt/idle1",
      "mowithers:wither/dirt/idle2",
      "mowithers:wither/dirt/idle3",
      "mowithers:wither/dirt/idle4"
    ],
    "subtitle": "subtitles.wither.gold.ambient"
  },
  "entity.wither.death.iron": {
    "sounds": [
      "mowithers:wither/dirt/death"
    ],
    "subtitle": "subtitles.wither.iron.death"
  },
  "entity.wither.hurt.iron": {
    "sounds": [
      "mowithers:wither/dirt/hurt1",
      "mowithers:wither/dirt/hurt2",
      "mowithers:wither/dirt/hurt3",
      "mowithers:wither/dirt/hurt4"
    ],
    "subtitle": "subtitles.wither.iron.hurt"
  },
  "entity.wither.ambient.iron": {
    "sounds": [
      "mowithers:wither/dirt/idle1",
      "mowithers:wither/dirt/idle2",
      "mowithers:wither/dirt/idle3",
      "mowithers:wither/dirt/idle4"
    ],
    "subtitle": "subtitles.wither.iron.ambient"
  },
  "entity.wither.death.lapis": {
    "sounds": [
      "mowithers:wither/dirt/death"
    ],
    "subtitle": "subtitles.wither.lapis.death"
  },
  "entity.wither.hurt.lapis": {
    "sounds": [
      "mowithers:wither/dirt/hurt1",
      "mowithers:wither/dirt/hurt2",
      "mowithers:wither/dirt/hurt3",
      "mowithers:wither/dirt/hurt4"
    ],
    "subtitle": "subtitles.wither.lapis.hurt"
  },
  "entity.wither.ambient.lapis": {
    "sounds": [
      "mowithers:wither/dirt/idle1",
      "mowithers:wither/dirt/idle2",
      "mowithers:wither/dirt/idle3",
      "mowithers:wither/dirt/idle4"
    ],
    "subtitle": "subtitles.wither.lapis.ambient"
  },
  "entity.wither.death.coal": {
    "sounds": [
      "mowithers:wither/dirt/death"
    ],
    "subtitle": "subtitles.wither.coal.death"
  },
  "entity.wither.hurt.coal": {
    "sounds": [
      "mowithers:wither/dirt/hurt1",
      "mowithers:wither/dirt/hurt2",
      "mowithers:wither/dirt/hurt3",
      "mowithers:wither/dirt/hurt4"
    ],
    "subtitle": "subtitles.wither.coal.hurt"
  },
  "entity.wither.ambient.coal": {
    "sounds": [
      "mowithers:wither/dirt/idle1",
      "mowithers:wither/dirt/idle2",
      "mowithers:wither/dirt/idle3",
      "mowithers:wither/dirt/idle4"
    ],
    "subtitle": "subtitles.wither.coal.ambient"
  },
  "entity.wither.death.stone": {
    "sounds": [
      "mowithers:wither/dirt/death"
    ],
    "subtitle": "subtitles.wither.stone.death"
  },
  "entity.wither.hurt.stone": {
    "sounds": [
      "mowithers:wither/dirt/hurt1",
      "mowithers:wither/dirt/hurt2",
      "mowithers:wither/dirt/hurt3",
      "mowithers:wither/dirt/hurt4"
    ],
    "subtitle": "subtitles.wither.stone.hurt"
  },
  "entity.wither.ambient.stone": {
    "sounds": [
      "mowithers:wither/dirt/idle1",
      "mowithers:wither/dirt/idle2",
      "mowithers:wither/dirt/idle3",
      "mowithers:wither/dirt/idle4"
    ],
    "subtitle": "subtitles.wither.stone.ambient"
  },
  "entity.wither.death.patty": {
    "sounds": [
      "mowithers:wither/green/death"
    ],
    "subtitle": "subtitles.wither.patty.death"
  },
  "entity.wither.hurt.patty": {
    "sounds": [
      "mowithers:wither/green/hurt1",
      "mowithers:wither/green/hurt2",
      "mowithers:wither/green/hurt3",
      "mowithers:wither/green/hurt4"
    ],
    "subtitle": "subtitles.wither.patty.hurt"
  },
  "entity.wither.ambient.patty": {
    "sounds": [
      "mowithers:wither/green/idle1",
      "mowithers:wither/green/idle2",
      "mowithers:wither/green/idle3",
      "mowithers:wither/green/idle4"
    ],
    "subtitle": "subtitles.wither.patty.ambient"
  },
  "entity.wither.death.tnt": {
    "sounds": [
      "mowithers:wither/dirt/death"
    ],
    "subtitle": "subtitles.wither.tnt.death"
  },
  "entity.wither.hurt.tnt": {
    "sounds": [
      "mowithers:wither/dirt/hurt1",
      "mowithers:wither/dirt/hurt2",
      "mowithers:wither/dirt/hurt3",
      "mowithers:wither/dirt/hurt4"
    ],
    "subtitle": "subtitles.wither.tnt.hurt"
  },
  "entity.wither.ambient.tnt": {
    "sounds": [
      "mowithers:wither/dirt/idle1",
      "mowithers:wither/dirt/idle2",
      "mowithers:wither/dirt/idle3",
      "mowithers:wither/dirt/idle4"
    ],
    "subtitle": "subtitles.wither.tnt.ambient"
  },
  "entity.wither.death.glass": {
    "sounds": [
      "mowithers:wither/green/death"
    ],
    "subtitle": "subtitles.wither.glass.death"
  },
  "entity.wither.hurt.glass": {
    "sounds": [
      "mowithers:wither/green/hurt1",
      "mowithers:wither/green/hurt2",
      "mowithers:wither/green/hurt3",
      "mowithers:wither/green/hurt4"
    ],
    "subtitle": "subtitles.wither.glass.hurt"
  },
  "entity.wither.ambient.glass": {
    "sounds": [
      "mowithers:wither/green/idle1",
      "mowithers:wither/green/idle2",
      "mowithers:wither/green/idle3",
      "mowithers:wither/green/idle4"
    ],
    "subtitle": "subtitles.wither.glass.ambient"
  },
  "entity.wither.death.earth": {
    "sounds": [
      "mowithers:wither/dirt/death"
    ],
    "subtitle": "subtitles.wither.earth.death"
  },
  "entity.wither.hurt.earth": {
    "sounds": [
      "mowithers:wither/dirt/hurt1",
      "mowithers:wither/dirt/hurt2",
      "mowithers:wither/dirt/hurt3",
      "mowithers:wither/dirt/hurt4"
    ],
    "subtitle": "subtitles.wither.earth.hurt"
  },
  "entity.wither.ambient.earth": {
    "sounds": [
      "mowithers:wither/dirt/idle1",
      "mowithers:wither/dirt/idle2",
      "mowithers:wither/dirt/idle3",
      "mowithers:wither/dirt/idle4"
    ],
    "subtitle": "subtitles.wither.earth.ambient"
  },
  "entity.wither.death.water": {
    "sounds": [
      "mowithers:wither/wet/death"
    ],
    "subtitle": "subtitles.wither.water.death"
  },
  "entity.wither.hurt.water": {
    "sounds": [
      "mowithers:wither/wet/hurt1",
      "mowithers:wither/wet/hurt2",
      "mowithers:wither/wet/hurt3",
      "mowithers:wither/wet/hurt4"
    ],
    "subtitle": "subtitles.wither.water.hurt"
  },
  "entity.wither.ambient.water": {
    "sounds": [
      "mowithers:wither/wet/idle1",
      "mowithers:wither/wet/idle2",
      "mowithers:wither/wet/idle3",
      "mowithers:wither/wet/idle4"
    ],
    "subtitle": "subtitles.wither.water.ambient"
  },
  "entity.wither.death.fire": {
    "sounds": [
      "minecraft:mob/wither/death"
    ],
    "subtitle": "subtitles.wither.fire.death"
  },
  "entity.wither.hurt.fire": {
    "sounds": [
      "minecraft:mob/wither/hurt1",
      "minecraft:mob/wither/hurt2",
      "minecraft:mob/wither/hurt3",
      "minecraft:mob/wither/hurt4"
    ],
    "subtitle": "subtitles.wither.fire.hurt"
  },
  "entity.wither.ambient.fire": {
    "sounds": [
      "minecraft:mob/wither/idle1",
      "minecraft:mob/wither/idle2",
      "minecraft:mob/wither/idle3",
      "minecraft:mob/wither/idle4"
    ],
    "subtitle": "subtitles.wither.fire.ambient"
  },
  "entity.wither.death.steam": {
    "sounds": [
      "minecraft:mob/wither/death"
    ],
    "subtitle": "subtitles.wither.steam.death"
  },
  "entity.wither.hurt.steam": {
    "sounds": [
      "minecraft:mob/wither/hurt1",
      "minecraft:mob/wither/hurt2",
      "minecraft:mob/wither/hurt3",
      "minecraft:mob/wither/hurt4"
    ],
    "subtitle": "subtitles.wither.steam.hurt"
  },
  "entity.wither.ambient.steam": {
    "sounds": [
      "minecraft:mob/wither/idle1",
      "minecraft:mob/wither/idle2",
      "minecraft:mob/wither/idle3",
      "minecraft:mob/wither/idle4"
    ],
    "subtitle": "subtitles.wither.steam.ambient"
  },
  "entity.wither.death.lava": {
    "sounds": [
      "minecraft:mob/wither/death"
    ],
    "subtitle": "subtitles.wither.lava.death"
  },
  "entity.wither.hurt.lava": {
    "sounds": [
      "minecraft:mob/wither/hurt1",
      "minecraft:mob/wither/hurt2",
      "minecraft:mob/wither/hurt3",
      "minecraft:mob/wither/hurt4"
    ],
    "subtitle": "subtitles.wither.lava.hurt"
  },
  "entity.wither.ambient.lava": {
    "sounds": [
      "minecraft:mob/wither/idle1",
      "minecraft:mob/wither/idle2",
      "minecraft:mob/wither/idle3",
      "minecraft:mob/wither/idle4"
    ],
    "subtitle": "subtitles.wither.lava.ambient"
  },
  "entity.wither.death.pink": {
    "sounds": [
      "minecraft:mob/wither/death"
    ],
    "subtitle": "subtitles.wither.pink.death"
  },
  "entity.wither.hurt.pink": {
    "sounds": [
      "minecraft:mob/wither/hurt1",
      "minecraft:mob/wither/hurt2",
      "minecraft:mob/wither/hurt3",
      "minecraft:mob/wither/hurt4"
    ],
    "subtitle": "subtitles.wither.pink.hurt"
  },
  "entity.wither.ambient.pink": {
    "sounds": [
      "minecraft:mob/wither/idle1",
      "minecraft:mob/wither/idle2",
      "minecraft:mob/wither/idle3",
      "minecraft:mob/wither/idle4"
    ],
    "subtitle": "subtitles.wither.pink.ambient"
  },
  "entity.wither.death.valentine": {
    "sounds": [
      "minecraft:mob/wither/death"
    ],
    "subtitle": "subtitles.wither.valentine.death"
  },
  "entity.wither.hurt.valentine": {
    "sounds": [
      "minecraft:mob/wither/hurt1",
      "minecraft:mob/wither/hurt2",
      "minecraft:mob/wither/hurt3",
      "minecraft:mob/wither/hurt4"
    ],
    "subtitle": "subtitles.wither.valentine.hurt"
  },
  "entity.wither.ambient.valentine": {
    "sounds": [
      "minecraft:mob/wither/idle1",
      "minecraft:mob/wither/idle2",
      "minecraft:mob/wither/idle3",
      "minecraft:mob/wither/idle4"
    ],
    "subtitle": "subtitles.wither.valentine.ambient"
  },
  "entity.wither.death.friendly": {
    "sounds": [
      "minecraft:mob/wither/death"
    ],
    "subtitle": "subtitles.wither.friendly.death"
  },
  "entity.wither.hurt.friendly": {
    "sounds": [
      "minecraft:mob/wither/hurt1",
      "minecraft:mob/wither/hurt2",
      "minecraft:mob/wither/hurt3",
      "minecraft:mob/wither/hurt4"
    ],
    "subtitle": "subtitles.wither.friendly.hurt"
  },
  "entity.wither.ambient.friendly": {
    "sounds": [
      "minecraft:mob/wither/idle1",
      "minecraft:mob/wither/idle2",
      "minecraft:mob/wither/idle3",
      "minecraft:mob/wither/idle4"
    ],
    "subtitle": "subtitles.wither.friendly.ambient"
  },
  "entity.wither.fall": {
    "sounds": [
      "mowithers:wither/misc/fall"
    ],
    "subtitle": "subtitles.wither.fall"
  },
  "entity.wither.superspawn": {
    "sounds": [
      "mowithers:wither/misc/super_spawn"
    ],
    "subtitle": "subtitles.wither.superspawn"
  }
}