{
    "display": {
        "icon": {
            "item": "mowithers:atrophic_sword"
        },
        "title": {
            "translate": "advancements.mowithers.kill_elemental.title"
        },
        "description": {
            "translate": "advancements.mowithers.kill_elemental.desc"
        },
        "frame": "goal"
    },
    "parent": "mowithers:make_armor_tier1",
    "criteria": {
        "air": {
            "trigger": "minecraft:player_killed_entity",
            "conditions": {
                "entity": {
                    "type": "mowithers:wither.air"
                }
            }
        },
        "earth": {
            "trigger": "minecraft:player_killed_entity",
            "conditions": {
                "entity": {
                    "type": "mowithers:wither.earth"
                }
            }
        },
        "fire": {
            "trigger": "minecraft:player_killed_entity",
            "conditions": {
                "entity": {
                    "type": "mowithers:wither.fire"
                }
            }
        },
        "water": {
            "trigger": "minecraft:player_killed_entity",
            "conditions": {
                "entity": {
                    "type": "mowithers:wither.water"
                }
            }
        }
    },
    "requirements": [
        [
            "air",
            "earth",
            "fire",
            "water"
        ]
    ]
}