{
    "display": {
        "icon": {
            "item": "mowithers:atrophic_axe"
        },
        "title": {
            "translate": "advancements.mowithers.kill_all_elemental.title"
        },
        "description": {
            "translate": "advancements.mowithers.kill_all_elemental.desc"
        },
        "frame": "challenge"
    },
    "parent": "mowithers:kill_a_base_4",
    "rewards": {
        "experience": 2500
    },
    "criteria": {
        "air": {
            "trigger": "minecraft:player_killed_entity",
            "conditions": {
                "entity": {
                    "type": "mowithers:wither.air"
                }
            }
        },
        "earth": {
            "trigger": "minecraft:player_killed_entity",
            "conditions": {
                "entity": {
                    "type": "mowithers:wither.earth"
                }
            }
        },
        "fire": {
            "trigger": "minecraft:player_killed_entity",
            "conditions": {
                "entity": {
                    "type": "mowithers:wither.fire"
                }
            }
        },
        "water": {
            "trigger": "minecraft:player_killed_entity",
            "conditions": {
                "entity": {
                    "type": "mowithers:wither.water"
                }
            }
        }
    }
}