{
    "display": {
        "icon": {
            "item": "mowithers:necrotic_axe"
        },
        "title": {
            "translate": "advancements.mowithers.kill_full_elemental.title"
        },
        "description": {
            "translate": "advancements.mowithers.kill_full_elemental.desc"
        },
        "frame": "challenge",
        "hidden": true
    },
    "parent": "mowithers:kill_all_base_4",
    "rewards": {
        "experience": 125000
    },
    "criteria": {
        "air": {
            "trigger": "minecraft:player_killed_entity",
            "conditions": {
                "entity": {
                    "type": "mowithers:wither.air"
                }
            }
        },
        "avatar": {
            "trigger": "minecraft:player_killed_entity",
            "conditions": {
                "entity": {
                    "type": "mowithers:wither.avatar"
                }
            }
        },
        "dust": {
            "trigger": "minecraft:player_killed_entity",
            "conditions": {
                "entity": {
                    "type": "mowithers:wither.dust"
                }
            }
        },
        "earth": {
            "trigger": "minecraft:player_killed_entity",
            "conditions": {
                "entity": {
                    "type": "mowithers:wither.earth"
                }
            }
        },
        "fire": {
            "trigger": "minecraft:player_killed_entity",
            "conditions": {
                "entity": {
                    "type": "mowithers:wither.fire"
                }
            }
        },
        "ice": {
            "trigger": "minecraft:player_killed_entity",
            "conditions": {
                "entity": {
                    "type": "mowithers:wither.ice"
                }
            }
        },
        "magma": {
            "trigger": "minecraft:player_killed_entity",
            "conditions": {
                "entity": {
                    "type": "mowithers:wither.magma"
                }
            }
        },
        "lightning": {
            "trigger": "minecraft:player_killed_entity",
            "conditions": {
                "entity": {
                    "type": "mowithers:wither.lightning"
                }
            }
        },
        "steam": {
            "trigger": "minecraft:player_killed_entity",
            "conditions": {
                "entity": {
                    "type": "mowithers:wither.steam"
                }
            }
        },
        "water": {
            "trigger": "minecraft:player_killed_entity",
            "conditions": {
                "entity": {
                    "type": "mowithers:wither.air"
                }
            }
        }
    }
}