{
    "display": {
        "icon": {
            "item": "mowithers:atrophic_chestplate"
        },
        "title": {
            "translate": "advancements.mowithers.make_armor.title"
        },
        "description": {
            "translate": "advancements.mowithers.make_armor.desc"
        }
    },
    "parent": "mowithers:make_crystal",
    "criteria": {
        "atrophic_helmet": {
            "trigger": "minecraft:inventory_changed",
            "conditions": {
                "items": [
                    {
                        "item": "mowithers:atrophic_helmet"
                    }
                ]
            }
        },
        "atrophic_chestplate": {
            "trigger": "minecraft:inventory_changed",
            "conditions": {
                "items": [
                    {
                        "item": "mowithers:atrophic_chestplate"
                    }
                ]
            }
        },
        "atrophic_leggings": {
            "trigger": "minecraft:inventory_changed",
            "conditions": {
                "items": [
                    {
                        "item": "mowithers:atrophic_leggings"
                    }
                ]
            }
        },
        "atrophic_boots": {
            "trigger": "minecraft:inventory_changed",
            "conditions": {
                "items": [
                    {
                        "item": "mowithers:atrophic_boots"
                    }
                ]
            }
        }
    },
    "requirements": [
        [
            "atrophic_helmet",
            "atrophic_chestplate",
            "atrophic_leggings",
            "atrophic_boots"
        ]
    ]
}