{
    "display": {
        "icon": {
            "item": "mowithers:atrophic_crystal"
        },
        "title": {
            "translate": "advancements.mowithers.make_crystal.title"
        },
        "description": {
            "translate": "advancements.mowithers.make_crystal.desc"
        }
    },
    "parent": "mowithers:root",
    "criteria": {
        "stone_pickaxe": {
            "trigger": "minecraft:inventory_changed",
            "conditions": {
                "items": [
                    {
                        "item": "mowithers:atrophic_crystal"
                    }
                ]
            }
        }
    }
}