{
  "display": {
    "icon": {
      "item": "minecraft:nether_star"
    },
    "title": {
      "translate": "advancements.mowithers.root.title"
    },
    "description": {
      "translate": "advancements.mowithers.root.desc"
    },
    "background": "mowithers:textures/block/atrophic_block.png"
  },
    "criteria": {
        "star": {
            "trigger": "minecraft:inventory_changed",
            "conditions": {
                "items": [
                    {
                        "item": "minecraft:nether_star"
                    }
                ]
            }
        }
    }
}